{
  "min_": [0.0, -0.4547179874670916],
  "scale_": [0.016666666666666666, 0.011364984277086652],
  "data_min_": [0.0, 40.0104370037594],
  "data_max_": [60.0, 128.0],
  "data_range_": [60.0, 87.98956299624061],
  "feature_range": [0, 1]
}
